"","...1","participant","RT1","RT2","RT3","RT4","RT5","RT6","Comp_Question_Resp","Comp_Question_RT","condition_number","item_number","experiment_number","Group_Status","comp_tidy","total_comp","total_perc"
"1",2,1,6.09525,3.08287,13.380255,2.177485,1.816655,1.489995,"y",3.394405,"unfacilitated",4,2,"ASC",1,10,100
"2",5,1,6.08998,1.543755,1.611475,2.573955,3.67712,2.354195,"y",1.89437,"facilitated",3,2,"ASC",1,10,100
"3",9,1,3.14354,2.928745,1.5453,1.48294,2.799575,2.202325,"y",7.163895,"facilitated",5,2,"ASC",1,10,100
"4",11,1,4.90339,2.354555,2.56114,2.04855,2.29564,1.860015,"n",3.08018,"unfacilitated",10,2,"ASC",1,10,100
"5",13,1,3.39739,3.127235,2.45003,2.121065,3.73168,2.57807,"n",1.809035,"unfacilitated",8,2,"ASC",1,10,100
"6",16,1,6.18526,3.564695,2.680725,2.643595,2.25171,2.830755,"n",2.191715,"facilitated",7,2,"ASC",1,10,100
"7",18,1,10.382035,2.588415,1.65392,1.974625,2.643335,1.24416,"y",1.596615,"facilitated",1,2,"ASC",1,10,100
"8",23,1,2.6896,1.880785,2.71061,2.16592,1.717275,1.682005,"n",1.82921,"unfacilitated",6,2,"ASC",1,10,100
"9",25,1,3.079915,2.22647,1.93141,1.783425,2.8843,1.71176,"n",1.960315,"facilitated",9,2,"ASC",1,10,100
"10",32,1,7.79255,4.678805,2.61316,2.111115,2.898195,2.94018,"y",1.947885,"unfacilitated",2,2,"ASC",1,10,100
"11",33,2,7.631295,2.56358,3.618715,4.985285,2.434115,2.623845,"n",9.24728,"unfacilitated",10,2,"ASC",1,10,100
"12",35,2,9.004955,7.397935,4.030495,3.644955,3.28978,2.190385,"y",9.34528,"unfacilitated",2,2,"ASC",1,10,100
"13",38,2,9.64848,2.38417,2.392905,3.455505,3.719,3.734905,"y",40.72821,"facilitated",5,2,"ASC",1,10,100
"14",41,2,5.62805,4.86498,3.35971,4.24792,3.0615,3.48262,"n",9.57257,"unfacilitated",6,2,"ASC",1,10,100
"15",42,2,5.73336,4.095685,2.997235,3.33142,2.390005,3.39742,"y",7.75389,"facilitated",3,2,"ASC",1,10,100
"16",45,2,8.59451,6.22007,5.78645,2.946385,3.22101,1.56329,"y",7.596135,"facilitated",1,2,"ASC",1,10,100
"17",47,2,4.9793,3.05197,2.697155,3.172515,2.206495,2.6949,"n",7.45339,"facilitated",9,2,"ASC",1,10,100
"18",53,2,3.685795,4.572755,4.924915,4.016,2.357495,3.19095,"n",6.05695,"facilitated",7,2,"ASC",1,10,100
"19",58,2,373.81338,4.658195,3.15629,3.695955,5.699945,3.20003,"y",9.428395,"unfacilitated",4,2,"ASC",1,10,100
"20",60,2,3.093275,4.737595,3.013305,1.586855,2.58751,3.107765,"n",6.50634,"unfacilitated",8,2,"ASC",1,10,100
"21",70,3,3.733885,3.828475,2.215075,2.13228,3.854195,2.048765,"y",5.563615,"unfacilitated",2,2,"ASC",1,9,90
"22",77,3,2.28537,1.76522,1.47005,2.191675,2.4269,2.780645,"n",4.26262,"unfacilitated",8,2,"ASC",1,9,90
"23",78,3,2.69743,2.1816,1.880165,2.34465,2.282625,1.55844,"y",3.545325,"facilitated",1,2,"ASC",1,9,90
"24",79,3,4.06376,1.373555,2.3028,2.18328,2.072965,2.714555,"n",4.78309,"unfacilitated",10,2,"ASC",1,9,90
"25",83,3,2.019255,2.516005,2.069645,3.000155,3.94039,1.68025,"n",3.259175,"unfacilitated",6,2,"ASC",1,9,90
"26",84,3,2.480235,2.181595,1.98246,5.7308,1.50071,2.528745,"y",4.132525,"facilitated",5,2,"ASC",1,9,90
"27",86,3,2.773825,1.83166,2.404425,3.388365,1.66727,2.69845,"y",3.122465,"facilitated",3,2,"ASC",1,9,90
"28",88,3,2.03766,2.09826,2.44572,2.58875,1.231815,1.970855,"n",4.53033,"facilitated",7,2,"ASC",1,9,90
"29",91,3,2.10738,2.23774,1.66935,1.782815,1.830145,1.4385,"n",4.02843,"facilitated",9,2,"ASC",1,9,90
"30",98,4,1.625985,1.661395,1.094765,1.41723,1.113595,1.148665,"n",1.0729,"facilitated",9,2,"ASC",1,10,100
"31",99,4,1.69338,1.24552,1.279705,1.19484,1.184055,1.44693,"n",1.16619,"unfacilitated",10,2,"ASC",1,10,100
"32",104,4,1.62769,1.335905,1.0158,1.081425,1.6971,1.762765,"n",0.13456,"unfacilitated",8,2,"ASC",1,10,100
"33",105,4,1.81171,1.87897,1.29595,1.46463,1.549985,1.199045,"y",1.382315,"unfacilitated",4,2,"ASC",1,10,100
"34",110,4,1.479275,1.61144,1.397745,1.40373,1.030105,1.749165,"y",0.293515,"facilitated",1,2,"ASC",1,10,100
"35",112,4,2.028965,1.28675,1.085435,1.17906,1.419455,1.180235,"y",0.98816,"facilitated",5,2,"ASC",1,10,100
"36",114,4,6.862235,1.069895,1.19814,1.19678,1.10195,1.050725,"y",0.40427,"unfacilitated",2,2,"ASC",1,10,100
"37",115,4,3.34574,3.58965,1.25362,0.929065,0.77977,0.77935,"n",1.75622,"facilitated",7,2,"ASC",1,10,100
"38",118,4,2.13625,1.43689,1.580585,1.632145,1.06436,1.69278,"y",0.138535,"facilitated",3,2,"ASC",1,10,100
"39",121,4,3.19574,2.232885,0.89608,1.16504,1.20581,1.118195,"n",0.077925,"unfacilitated",6,2,"ASC",1,10,100
"40",131,5,1.921475,2.61619,1.258015,1.733765,1.533405,1.834125,"y",2.627955,"unfacilitated",4,2,"ASC",1,10,100
"41",137,5,1.55604,1.128955,22.36345,2.275835,1.11672,1.0007,"y",1.40201,"facilitated",5,2,"ASC",1,10,100
"42",144,5,4.008905,0.794565,0.91815,0.88488,0.72682,1.425635,"y",0.79495,"facilitated",3,2,"ASC",1,10,100
"43",145,5,1.041025,1.289755,1.216805,1.0389,1.23392,0.83383,"n",0.88953,"unfacilitated",6,2,"ASC",1,10,100
"44",146,5,5.692595,1.12062,0.794625,1.052925,1.25888,0.791795,"y",1.007715,"facilitated",1,2,"ASC",1,10,100
"45",147,5,3.37588,0.933615,1.308915,1.050505,1.105305,0.950475,"n",0.66734,"unfacilitated",10,2,"ASC",1,10,100
"46",152,5,4.92715,1.23343,1.1561,0.800155,0.77894,0.767075,"n",1.27359,"facilitated",9,2,"ASC",1,10,100
"47",153,5,0.675695,1.218955,1.03335,0.978865,0.760585,0.208465,"n",0.936305,"facilitated",7,2,"ASC",1,10,100
"48",154,5,3.160215,1.308685,1.17494,1.162175,1.71643,0.9692,"n",0.50292,"unfacilitated",8,2,"ASC",1,10,100
"49",158,5,4.24255,1.287475,1.38846,1.39224,0.24195,1.74156,"y",1.128865,"unfacilitated",2,2,"ASC",1,10,100
"50",163,6,2.976865,2.307455,1.95751,2.508295,1.983275,2.124495,"n",2.301605,"facilitated",9,2,"ASC",1,10,100
"51",170,6,1.99376,4.16022,2.32505,1.962205,1.72903,2.162475,"y",1.123155,"unfacilitated",4,2,"ASC",1,10,100
"52",174,6,1.71248,1.87697,2.196135,1.793515,1.637545,1.591385,"n",0.819065,"unfacilitated",6,2,"ASC",1,10,100
"53",177,6,2.29469,2.058315,2.024075,2.6632,1.344555,2.776835,"y",1.419265,"facilitated",5,2,"ASC",1,10,100
"54",178,6,3.62521,1.82725,1.52736,1.492475,1.843325,2.123495,"n",0.38894,"unfacilitated",8,2,"ASC",1,10,100
"55",179,6,3.405255,1.883265,1.74448,1.70174,1.76163,1.76476,"n",1.118975,"facilitated",7,2,"ASC",1,10,100
"56",180,6,2.609365,1.358025,1.544,1.612535,1.464395,1.86544,"y",1.35303,"facilitated",3,2,"ASC",1,10,100
"57",181,6,3.237905,2.793895,1.87879,1.437115,1.97568,1.29219,"y",1.60154,"unfacilitated",2,2,"ASC",1,10,100
"58",182,6,5.3203,1.42912,2.1395,1.616095,1.560685,1.49625,"n",1.069585,"unfacilitated",10,2,"ASC",1,10,100
"59",189,6,4.786875,2.90605,2.45865,1.77418,1.59659,1.54596,"y",1.238775,"facilitated",1,2,"ASC",1,10,100
"60",194,7,5.11867,1.653995,1.88465,2.28288,1.38595,3.36683,"y",1.33469,"facilitated",3,2,"ASC",1,10,100
"61",200,7,0.933995,1.31082,0.98394,0.758605,0.76645,1.07629,"n",0.917125,"facilitated",9,2,"ASC",1,10,100
"62",201,7,2.740665,1.641805,2.355315,1.25915,0.70055,1.81094,"n",0.718235,"facilitated",7,2,"ASC",1,10,100
"63",206,7,3.43651,2.71864,2.35072,5.305275,1.585185,0.78621,"y",0.277045,"unfacilitated",2,2,"ASC",1,10,100
"64",208,7,31.221765,1.2603,1.034105,1.21681,1.17643,3.669745,"n",1.48408,"unfacilitated",10,2,"ASC",1,10,100
"65",212,7,4.32435,1.150335,1.705115,1.233635,0.791955,1.02035,"y",1.507355,"facilitated",5,2,"ASC",1,10,100
"66",214,7,1.35098,1.702125,1.12623,1.148585,1.275495,1.285005,"n",0.702,"unfacilitated",6,2,"ASC",1,10,100
"67",221,7,2.85149,2.10279,1.601655,1.18488,1.235015,1.268565,"y",0.400775,"facilitated",1,2,"ASC",1,10,100
"68",222,7,4.272045,2.22106,1.60171,1.223345,1.634975,3.62451,"n",0.46809,"unfacilitated",8,2,"ASC",1,10,100
"69",224,7,2.30616,3.89312,2.102095,1.234035,0.91726,1.15124,"y",0.322915,"unfacilitated",4,2,"ASC",1,10,100
"70",225,8,5.198335,2.700835,1.735425,1.74675,6.486795,4.109485,"n",2.98473,"unfacilitated",8,2,"ASC",1,9,90
"71",227,8,7.193925,2.42006,2.586755,2.717705,3.82292,2.617615,"n",5.157455,"unfacilitated",10,2,"ASC",1,9,90
"72",231,8,2.491745,2.158585,2.88312,1.732945,1.64633,1.79333,"n",15.933955,"facilitated",9,2,"ASC",1,9,90
"73",237,8,2.031585,1.75335,1.69222,2.03282,1.937405,2.45472,"n",1.66706,"facilitated",7,2,"ASC",1,9,90
"74",238,8,5.73767,6.733165,1.85074,2.104165,1.971435,1.665225,"y",27.650915,"facilitated",1,2,"ASC",1,9,90
"75",244,8,2.32825,2.202785,2.812195,3,2.052955,2.69674,"y",3.46119,"facilitated",3,2,"ASC",1,9,90
"76",247,8,3.195325,1.58747,2.602905,1.645265,2.05322,1.64886,"n",3.925195,"unfacilitated",6,2,"ASC",1,9,90
"77",255,8,3.045095,2.924715,2.17172,1.58262,0.98082,1.540925,"y",5.8223,"facilitated",5,2,"ASC",1,9,90
"78",256,8,5.75919,2.139925,3.021005,2.778185,1.786385,1.25072,"y",2.686975,"unfacilitated",2,2,"ASC",1,9,90
"79",257,9,16.27373,6.05516,3.124555,4.355465,3.632795,2.33133,"y",5.12122,"unfacilitated",2,2,"ASC",1,9,90
"80",261,9,3.522755,2.836615,2.242155,3.45199,3.335525,2.40745,"y",2.501025,"facilitated",5,2,"ASC",1,9,90
"81",265,9,3.08936,1.62618,1.97616,3.13808,1.697755,1.81028,"y",1.322105,"facilitated",3,2,"ASC",1,9,90
"82",267,9,2.290495,2.331585,2.484065,1.64226,1.46579,1.551785,"n",5.04675,"facilitated",7,2,"ASC",1,9,90
"83",268,9,3.245315,2.757635,2.02909,4.14236,2.125045,1.54928,"n",2.0041,"facilitated",9,2,"ASC",1,9,90
"84",277,9,1.44924,1.596225,1.74133,1.492005,1.701285,1.81379,"n",2.034665,"unfacilitated",8,2,"ASC",1,9,90
"85",282,9,2.20572,1.802325,2.306045,1.653085,1.73437,1.46011,"y",2.609145,"facilitated",1,2,"ASC",1,9,90
"86",285,9,1.781405,1.39353,1.211955,1.203845,2.042315,1.421815,"n",0.89793,"unfacilitated",6,2,"ASC",1,9,90
"87",288,9,9.99153,1.61922,1.471205,1.605335,1.64735,1.5275,"n",0.971145,"unfacilitated",10,2,"ASC",1,9,90
"88",290,10,4.97929,4.11231,2.85443,2.14912,2.60128,1.998145,"y",0.459855,"unfacilitated",4,2,"ASC",1,10,100
"89",291,10,3.43799,2.317615,1.68507,1.880325,1.987625,3.84942,"n",0.57772,"unfacilitated",8,2,"ASC",1,10,100
"90",296,10,4.80907,2.73561,2.48474,2.165335,1.31219,2.902665,"y",1.19518,"facilitated",3,2,"ASC",1,10,100
"91",297,10,3.06956,3.795245,2.953375,2.0178,2.249335,1.93682,"n",0.70266,"unfacilitated",6,2,"ASC",1,10,100
"92",299,10,5.098065,3.33574,3.16984,3.02234,1.44681,2.052595,"n",3.149175,"facilitated",7,2,"ASC",1,10,100
"93",300,10,4.66762,3.33819,3.331535,2.33305,2.371635,1.91426,"y",1.269735,"unfacilitated",2,2,"ASC",1,10,100
"94",307,10,4.007245,2.21979,3.13577,2.82763,1.11687,1.93128,"n",1.38346,"unfacilitated",10,2,"ASC",1,10,100
"95",309,10,3.31837,3.596595,2.5866,2.726205,3.22697,2.300075,"y",1.48078,"facilitated",1,2,"ASC",1,10,100
"96",312,10,4.175495,2.50115,2.435065,3.124365,1.24459,1.72862,"y",4.901405,"facilitated",5,2,"ASC",1,10,100
"97",320,10,2.834845,3.74411,2.61927,1.85712,1.48459,1.497455,"n",1.16306,"facilitated",9,2,"ASC",1,10,100
"98",321,11,6.57672,3.2424,3.36596,4.183315,2.30536,3.38905,"n",2.3177,"facilitated",7,2,"ASC",1,10,100
"99",325,11,4.779735,1.76023,2.938685,1.87535,3.362815,1.633305,"n",1.06965,"unfacilitated",6,2,"ASC",1,10,100
"100",328,11,3.92047,2.839735,1.45361,2.20529,2.6888,1.38756,"y",1.634625,"facilitated",1,2,"ASC",1,10,100
"101",338,11,5.57968,1.95808,2.222885,2.141635,1.78645,1.908935,"n",1.221485,"unfacilitated",10,2,"ASC",1,10,100
"102",342,11,2.412055,3.23552,2.288955,2.692265,1.624685,1.60181,"n",0.88426,"facilitated",9,2,"ASC",1,10,100
"103",343,11,3.14657,1.82578,1.861075,2.84216,1.33375,1.96866,"y",0.94006,"facilitated",3,2,"ASC",1,10,100
"104",344,11,2.830335,3.98368,2.05049,2.32181,1.94644,3.94403,"y",0.71327,"unfacilitated",4,2,"ASC",1,10,100
"105",346,11,1.807575,3.085535,2.05646,1.77871,2.52201,3.208225,"n",0.63007,"unfacilitated",8,2,"ASC",1,10,100
"106",347,11,3.0839,2.778645,2.31026,3.247825,1.2682,2.272525,"y",2.07776,"facilitated",5,2,"ASC",1,10,100
"107",351,11,3.242405,4.27575,2.866995,2.29343,2.00297,1.84648,"y",0.80438,"unfacilitated",2,2,"ASC",1,10,100
"108",353,12,4.899155,4.997235,3.38351,3.100615,2.304005,1.8552,"y",1.90055,"facilitated",1,2,"ASC",1,10,100
"109",354,12,3.7831,4.65059,3.58835,2.934235,2.638725,2.0681,"n",1.3829,"unfacilitated",10,2,"ASC",1,10,100
"110",361,12,3.18235,3.19986,2.51487,2.8839,2.71813,2.10201,"n",1.38627,"facilitated",9,2,"ASC",1,10,100
"111",362,12,4.7821,4.25084,3.129815,2.855155,2.731695,2.000585,"y",1.104225,"unfacilitated",2,2,"ASC",1,10,100
"112",363,12,4.21788,2.748505,4.06757,3.37196,1.680805,3.09964,"n",2.947485,"facilitated",7,2,"ASC",1,10,100
"113",366,12,3.54697,2.77268,2.84718,2.299445,2.63305,2.168475,"n",0.934375,"unfacilitated",6,2,"ASC",1,10,100
"114",375,12,3.949265,2.596295,3.665585,4.151915,2.583795,2.950085,"y",1.167635,"facilitated",3,2,"ASC",1,10,100
"115",380,12,3.283185,4.402405,2.91757,1.7519,1.74771,2.301415,"y",1.248375,"facilitated",5,2,"ASC",1,10,100
"116",382,12,3.61627,2.9051,1.948645,1.847565,2.8681,2.855815,"n",0.937685,"unfacilitated",8,2,"ASC",1,10,100
"117",384,12,3.681825,4.25075,2.266445,4.617255,2.567115,2.067115,"y",0.56606,"unfacilitated",4,2,"ASC",1,10,100
"118",393,13,4.88974,4.36922,1.850805,1.970875,1.415075,2.116855,"y",1.61893,"facilitated",4,2,"ASC",1,10,100
"119",395,13,8.158385,1.950565,2.223805,5.729995,2.42524,1.46917,"y",1.038,"facilitated",2,2,"ASC",1,10,100
"120",397,13,3.322585,1.69419,2.32999,1.91328,1.809635,1.399445,"n",1.91442,"unfacilitated",7,2,"ASC",1,10,100
"121",399,13,4.67345,1.42664,1.31828,1.5798,1.028355,1.26757,"n",1.27074,"facilitated",10,2,"ASC",1,10,100
"122",401,13,2.1722,1.64217,1.574455,2.766045,2.573965,1.36997,"n",0.948965,"facilitated",6,2,"ASC",1,10,100
"123",402,13,3.332845,1.536905,1.94677,1.31923,1.15963,0.982015,"y",8.354705,"unfacilitated",5,2,"ASC",1,10,100
"124",404,13,2.2602,2.00784,0.863555,1.51662,1.16853,1.020745,"y",0.731385,"unfacilitated",1,2,"ASC",1,10,100
"125",407,13,2.45147,1.738155,1.56051,1.66312,0.98937,1.86476,"y",0.770575,"unfacilitated",3,2,"ASC",1,10,100
"126",410,13,1.865895,1.330605,1.337755,0.99977,0.96378,1.063655,"n",1.779985,"facilitated",8,2,"ASC",1,10,100
"127",411,13,2.345395,1.201965,1.50777,1.27332,1.13297,1.27179,"n",1.672285,"unfacilitated",9,2,"ASC",1,10,100
"128",421,14,4.583815,2.184885,1.81091,2.044835,2.07837,1.14423,"n",1.06332,"facilitated",6,2,"ASC",1,10,100
"129",423,14,2.72552,2.22981,1.74898,2.17768,0.98916,1.39807,"n",0.88808,"unfacilitated",7,2,"ASC",1,10,100
"130",426,14,2.08985,2.28322,2.293885,0.981875,0.97663,1.07784,"y",1.25488,"unfacilitated",5,2,"ASC",1,10,100
"131",427,14,1.589125,1.90284,1.19867,1.32483,1.05083,1.024435,"n",1.422295,"unfacilitated",9,2,"ASC",1,10,100
"132",429,14,1.15412,1.162065,1.29786,1.36324,0.92952,0.87562,"n",1.191445,"facilitated",10,2,"ASC",1,10,100
"133",430,14,1.440175,1.26096,1.824425,1.878875,1.194085,2.77976,"n",1.30674,"facilitated",8,2,"ASC",1,10,100
"134",438,14,1.209475,7.733605,1.207965,1.022945,0.693245,0.880865,"y",1.768925,"facilitated",4,2,"ASC",1,10,100
"135",442,14,0.88484,13.51638,0.77043,1.00545,0.850795,0.58487,"y",0.450345,"unfacilitated",1,2,"ASC",1,10,100
"136",443,14,9.559255,0.634875,1.061685,1.12975,0.68518,0.9033,"y",0.40286,"unfacilitated",3,2,"ASC",1,10,100
"137",448,14,1.308465,1.08448,1.37969,1.490385,2.35085,2.276445,"y",2.97265,"facilitated",2,2,"ASC",1,10,100
"138",449,15,5.384,4.765,1.921,2.518,2.835,2.368,"y",1.955,"unfacilitated",1,2,"ASC",1,10,100
"139",458,15,3.585,1.862,2.651,2.311,2.206,2.202,"n",0.851,"facilitated",8,2,"ASC",1,10,100
"140",459,15,4.464,1.805,6.11,2.428,1.473,1.436,"n",1.13,"unfacilitated",9,2,"ASC",1,10,100
"141",463,15,3.941,2.595,2.512,2.253,4.884,1.697,"y",0.972,"facilitated",2,2,"ASC",1,10,100
"142",467,15,2.557,1.546,2.309,2.29,1.541,1.253,"n",1.841,"unfacilitated",7,2,"ASC",1,10,100
"143",468,15,5.471,1.255,2.194,1.538,2.156,1.583,"n",1.478,"facilitated",6,2,"ASC",1,10,100
"144",469,15,3.473,4.772,1.856,1.945,2.432,2.358,"y",2.933,"facilitated",4,2,"ASC",1,10,100
"145",472,15,4.353,3.549,4.22,1.917,1.847,3.172,"n",1.479,"facilitated",10,2,"ASC",1,10,100
"146",476,15,3.794,1.309,2.013,1.254,1.11,1.138,"y",0.811,"unfacilitated",5,2,"ASC",1,10,100
"147",477,15,2.648,1.136,2.466,4.34,1.164,3.444,"y",1.609,"unfacilitated",3,2,"ASC",1,10,100
"148",484,16,4.72864,1.021095,1.138945,1.07859,1.237725,0.912145,"n",1.203165,"facilitated",10,2,"ASC",1,9,90
"149",485,16,3.250305,0.988915,1.05516,1.396465,1.519225,1.04692,"y",0.552055,"facilitated",2,2,"ASC",1,9,90
"150",486,16,2.74404,1.121255,1.06678,1.33614,0.94838,1.15844,"n",0.33669,"unfacilitated",7,2,"ASC",1,9,90
"151",492,16,2.15247,1.05097,1.42966,1.031205,0.98726,1.095225,"n",0.62174,"facilitated",6,2,"ASC",1,9,90
"152",499,16,1.46156,1.13656,1.03781,0.928415,0.796215,0.96503,"y",1.846215,"unfacilitated",5,2,"ASC",1,9,90
"153",500,16,3.2292,0.8629,0.945595,0.897305,0.72064,1.45036,"y",0.671735,"unfacilitated",3,2,"ASC",1,9,90
"154",504,16,3.62192,1.110755,0.99371,0.85526,0.83763,0.896205,"n",0.83612,"unfacilitated",9,2,"ASC",1,9,90
"155",506,16,1.87689,1.047715,1.13295,0.854145,1.10603,0.90258,"y",0.301665,"unfacilitated",1,2,"ASC",1,9,90
"156",508,16,1.56383,1.4374,4.655285,1.91338,0.97879,1.03197,"n",1.303435,"facilitated",8,2,"ASC",1,9,90
"157",515,17,4.029385,4.71969,2.621155,2.456005,2.847685,3.115745,"y",2.253485,"facilitated",4,2,"ASC",1,10,100
"158",516,17,4.26028,4.254455,3.48354,4.019115,2.702545,2.08107,"n",1.40365,"unfacilitated",7,2,"ASC",1,10,100
"159",519,17,4.54381,5.40704,3.23204,2.915435,2.263825,2.233665,"n",4.49926,"unfacilitated",9,2,"ASC",1,10,100
"160",520,17,5.175995,2.02889,1.95455,2.89423,1.84388,1.698425,"n",0.948585,"facilitated",10,2,"ASC",1,10,100
"161",523,17,3.47677,4.593845,3.45321,3.11414,2.72285,2.368635,"y",3.239275,"unfacilitated",5,2,"ASC",1,10,100
"162",525,17,5.26065,3.005155,3.63019,3.33814,3.03694,2.06854,"y",5.01989,"facilitated",2,2,"ASC",1,10,100
"163",527,17,5.30851,2.537015,1.914455,2.468905,3.57742,1.48145,"y",0.723145,"unfacilitated",1,2,"ASC",1,10,100
"164",529,17,3.592725,2.4144,3.57336,4.09623,5.362725,2.18278,"y",1.07044,"unfacilitated",3,2,"ASC",1,10,100
"165",535,17,2.4089,2.649535,2.139715,1.72229,1.973785,2.11415,"n",1.269415,"facilitated",8,2,"ASC",1,10,100
"166",544,17,4.778485,3.834025,2.0542,1.76266,2.046905,3.10429,"n",0.93559,"facilitated",6,2,"ASC",1,10,100
"167",549,18,2.32787,2.090445,2.65337,1.779845,1.650195,1.390645,"n",2.95023,"unfacilitated",9,2,"ASC",1,10,100
"168",551,18,4.318745,3.560665,3.066555,2.654265,2.756095,1.869155,"y",0.61044,"unfacilitated",1,2,"ASC",1,10,100
"169",553,18,3.048415,6.49913,2.248395,2.53698,1.699085,2.38942,"y",0.885665,"facilitated",4,2,"ASC",1,10,100
"170",554,18,3.398715,2.28659,3.098805,3.197445,1.870855,2.27458,"n",2.605015,"unfacilitated",7,2,"ASC",1,10,100
"171",558,18,3.285405,1.48385,1.999645,3.212975,2.18654,1.70155,"n",1.450505,"facilitated",10,2,"ASC",1,10,100
"172",559,18,2.998205,2.58548,3.96606,2.61628,1.85206,1.669165,"y",2.27026,"unfacilitated",5,2,"ASC",1,10,100
"173",560,18,3.033235,2.01313,2.056035,2.49944,1.899365,3.279725,"y",3.200515,"unfacilitated",3,2,"ASC",1,10,100
"174",564,18,2.850535,1.3981,2.48645,2.634575,2.93905,2.85819,"n",1.928275,"facilitated",6,2,"ASC",1,10,100
"175",571,18,4.08305,3.351655,2.866325,1.464445,2.332685,3.06617,"n",1.81654,"facilitated",8,2,"ASC",1,10,100
"176",574,18,3.549455,3.47125,2.146945,2.51547,1.704605,1.31618,"y",1.701715,"facilitated",2,2,"ASC",1,10,100
"177",577,19,1.826,4.195,2.428,2.5,2.3,3.245,"n",2.522,"facilitated",8,2,"ASC",1,8,80
"178",583,19,2.512,2.847,2.215,2.317,1.385,2.134,"n",2.808,"unfacilitated",7,2,"ASC",1,8,80
"179",585,19,7.8,1.352,2.375,2.727,3.852,1.651,"n",2.158,"facilitated",10,2,"ASC",1,8,80
"180",587,19,2.747,3.81,2.568,2.166,2.596,1.531,"y",0.984,"facilitated",2,2,"ASC",1,8,80
"181",590,19,2.017,2.329,4.412,3.061,2.876,1.745,"n",1.54,"facilitated",6,2,"ASC",1,8,80
"182",593,19,2.283,7.799,2.499,2.094,2.368,2.361,"y",2.518,"facilitated",4,2,"ASC",1,8,80
"183",599,19,6.128,4.011,1.929,2.567,1.385,2.48,"y",0.992,"unfacilitated",3,2,"ASC",1,8,80
"184",607,19,2.849,2.196,2.827,1.326,1.515,1.393,"n",5.691,"unfacilitated",9,2,"ASC",1,8,80
"185",611,20,4.85198,5.022,14.633675,2.336615,2.70244,2.035515,"y",4.904395,"unfacilitated",5,2,"ASC",1,10,100
"186",613,20,4.72069,2.37385,6.00466,3.37578,3.852515,1.593785,"n",3.144895,"facilitated",6,2,"ASC",1,10,100
"187",616,20,7.477535,2.126355,3.08763,1.84084,1.25121,1.610305,"n",1.60238,"facilitated",10,2,"ASC",1,10,100
"188",618,20,4.65431,3.702435,3.48664,6.65479,2.357005,4.75681,"n",1.754575,"unfacilitated",7,2,"ASC",1,10,100
"189",623,20,68.53348,43.92294,39.035205,2.074425,1.8934,1.52062,"y",4.512415,"facilitated",2,2,"ASC",1,10,100
"190",627,20,26.056395,60.91431,2.48543,8.20569,3.059905,1.1918,"y",3.82069,"unfacilitated",1,2,"ASC",1,10,100
"191",630,20,2.78838,1.268735,2.437665,7.371055,1.92064,1.9757,"y",0.920595,"unfacilitated",3,2,"ASC",1,10,100
"192",631,20,2.082465,15.703365,3.12315,2.492775,3.854365,2.770585,"n",1.376285,"facilitated",8,2,"ASC",1,10,100
"193",635,20,2.359395,1.56939,2.153115,6.21481,2.252495,1.89373,"n",1.59175,"unfacilitated",9,2,"ASC",1,10,100
"194",636,20,3.45329,5.053305,1.97766,1.97669,1.88817,2.52248,"y",1.090315,"facilitated",4,2,"ASC",1,10,100
"195",641,21,2.902015,3.443665,1.920445,2.15649,4.36287,1.801915,"y",2.58295,"facilitated",2,2,"ASC",1,9,90
"196",644,21,3.052385,1.758595,1.45603,0.94549,2.099785,2.403145,"n",2.981615,"facilitated",8,2,"ASC",1,9,90
"197",647,21,2.065545,1.988045,1.197865,1.120115,0.988765,1.76414,"y",1.31533,"unfacilitated",1,2,"ASC",1,9,90
"198",650,21,3.59085,1.2751,1.033925,1.05737,0.88027,1.116635,"y",1.358105,"unfacilitated",5,2,"ASC",1,9,90
"199",658,21,0.4115,1.008055,1.408,1.27574,1.53303,1.715995,"y",1.091275,"unfacilitated",3,2,"ASC",1,9,90
"200",659,21,3.066085,1.45313,2.184345,1.683655,1.09464,1.14815,"n",2.04556,"facilitated",6,2,"ASC",1,9,90
"201",662,21,1.234335,0.733395,0.88699,1.20223,0.77218,1.40605,"n",1.22953,"facilitated",10,2,"ASC",1,9,90
"202",665,21,2.01956,1.654,1.17814,0.38915,0.68116,0.939545,"n",0.87683,"unfacilitated",9,2,"ASC",1,9,90
"203",669,21,1.91371,1.03157,0.511075,1.014825,0.889115,0.578995,"n",0.653395,"unfacilitated",7,2,"ASC",1,9,90
"204",681,22,3.700265,3.16793,2.05211,1.727755,1.707725,2.1583,"n",1.26231,"unfacilitated",9,2,"ASC",1,9,90
"205",687,22,3.81208,2.4665,2.50151,3.3526,1.77864,1.242145,"y",1.05103,"facilitated",2,2,"ASC",1,9,90
"206",688,22,2.88304,2.742205,2.677815,1.44342,1.851315,2.212925,"n",0.77995,"facilitated",10,2,"ASC",1,9,90
"207",690,22,2.4184,2.486525,1.594005,2.09634,1.445875,1.626115,"n",0.60763,"unfacilitated",7,2,"ASC",1,9,90
"208",691,22,3.963395,2.659075,2.18463,1.823275,2.01362,1.29058,"y",1.175605,"unfacilitated",1,2,"ASC",1,9,90
"209",692,22,3.975425,2.736675,3.98616,1.20893,1.567265,1.752365,"y",1.253615,"unfacilitated",5,2,"ASC",1,9,90
"210",693,22,1.892635,3.52885,2.4466,1.82899,1.94618,1.951565,"n",0.167485,"facilitated",8,2,"ASC",1,9,90
"211",702,22,5.7842,3.27009,2.83468,3.559665,1.961015,1.48465,"y",1.708215,"unfacilitated",3,2,"ASC",1,9,90
"212",704,22,4.43972,2.935005,1.801675,2.6122,1.57096,1.67874,"n",0.354615,"facilitated",6,2,"ASC",1,9,90
"213",705,23,2.610945,1.76559,1.675675,2.843305,1.87136,1.782585,"n",4.58738,"unfacilitated",7,2,"ASC",1,10,100
"214",706,23,3.396465,4.60784,2.524935,1.78718,1.44664,2.14765,"y",1.836325,"facilitated",4,2,"ASC",1,10,100
"215",715,23,2.52793,1.67836,1.393535,1.26059,1.21377,1.231855,"y",2.704955,"unfacilitated",5,2,"ASC",1,10,100
"216",717,23,13.077175,1.26274,1.3119,1.27848,1.5973,1.815495,"y",3.004,"unfacilitated",3,2,"ASC",1,10,100
"217",721,23,2.429815,1.74601,1.840615,1.5529,1.47753,1.364045,"n",3.82128,"unfacilitated",9,2,"ASC",1,10,100
"218",723,23,4.894595,2.392845,1.998585,1.583315,2.443085,1.115185,"y",4.336105,"facilitated",2,2,"ASC",1,10,100
"219",725,23,2.33989,1.247545,1.79787,1.511855,1.6115,1.87612,"n",0.559005,"facilitated",8,2,"ASC",1,10,100
"220",727,23,4.031695,0.2086,1.132595,1.42795,1.100545,1.528905,"n",1.3056,"facilitated",10,2,"ASC",1,10,100
"221",730,23,1.462475,1.41608,2.080495,1.196705,1.37904,1.536965,"n",0.289225,"facilitated",6,2,"ASC",1,10,100
"222",736,23,2.24481,2.095785,1.099055,1.896545,1.933125,1.84743,"y",1.629255,"unfacilitated",1,2,"ASC",1,10,100
"223",738,24,11.9349,3.6157,2.0131,2.3027,1.6536,3.1051,"y",1.6908,"unfacilitated",1,2,"ASC",1,10,100
"224",743,24,2.6837,3.3856,1.9906,3.6913,3.3836,1.7864,"n",3.6096,"unfacilitated",7,2,"ASC",1,10,100
"225",744,24,11.2964,10.6882,2.4078,1.921,2.9795,1.2625,"y",2.1763,"facilitated",2,2,"ASC",1,10,100
"226",746,24,2.8598,6.0118,3.1581,2.8681,1.5075,1.6347,"y",7.9615,"facilitated",4,2,"ASC",1,10,100
"227",747,24,6.8678,1.5666,2.9502,1.5853,2.2514,4.9796,"n",1.499,"facilitated",8,2,"ASC",1,10,100
"228",748,24,4.0145,1.6436,2.2679,2.0481,1.7671,1.8098,"n",1.3473,"facilitated",6,2,"ASC",1,10,100
"229",752,24,10.7488,3.0377,6.2708,3.1606,1.6876,2.4433,"n",3.9523,"unfacilitated",9,2,"ASC",1,10,100
"230",754,24,4.3377,1.4867,3.055,3.8889,1.5887,2.0018,"y",2.4441,"unfacilitated",3,2,"ASC",1,10,100
"231",760,24,3.9668,2.5527,1.6255,3.9941,1.6778,1.914,"n",6.1283,"facilitated",10,2,"ASC",1,10,100
"232",768,24,3.041,3.7423,2.1912,1.8109,1.4837,2.4735,"y",4.2786,"unfacilitated",5,2,"ASC",1,10,100
"233",770,25,10.785285,4.25817,1.63438,2.42569,1.91707,3.088275,"n",2.902845,"unfacilitated",10,2,"ASC",1,10,100
"234",771,25,5.38659,3.044575,2.06751,4.516425,3.170255,1.576035,"n",2.17542,"unfacilitated",6,2,"ASC",1,10,100
"235",773,25,10.4182,4.005925,5.255,1.53577,1.973925,1.873215,"n",1.142715,"unfacilitated",8,2,"ASC",1,10,100
"236",774,25,4.105005,4.3541,6.26641,8.757875,1.97616,1.58385,"y",0.939825,"unfacilitated",4,2,"ASC",1,10,100
"237",778,25,2.406885,4.64156,1.85192,2.71155,1.38068,1.411735,"y",1.341875,"facilitated",5,2,"ASC",1,10,100
"238",784,25,2.879905,2.743325,2.61007,2.54612,1.87744,1.569305,"y",0.711415,"facilitated",1,2,"ASC",1,10,100
"239",786,25,2.0883,68.48048,3.34003,2.93289,5.895545,1.392085,"y",9.9607,"unfacilitated",2,2,"ASC",1,10,100
"240",787,25,8.55793,1.51892,1.620505,2.342275,3.51365,1.22737,"n",2.905155,"facilitated",9,2,"ASC",1,10,100
"241",793,25,2.89323,1.678245,4.070485,4.137895,1.42589,1.560075,"n",3.154625,"facilitated",7,2,"ASC",1,10,100
"242",800,25,2.17185,1.515365,1.92661,2.25427,1.56421,1.910085,"y",1.51861,"facilitated",3,2,"ASC",1,10,100
"243",810,26,7.71464,1.94364,3.72441,2.539945,1.61076,1.254865,"y",0.968215,"unfacilitated",2,2,"ASC",1,9,90
"244",814,26,2.37303,3.437775,3.379025,1.642985,1.783,1.86557,"n",0.82061,"unfacilitated",6,2,"ASC",1,9,90
"245",818,26,3.748805,7.37684,1.97724,2.032465,2.04578,1.81072,"y",0.55324,"unfacilitated",4,2,"ASC",1,9,90
"246",821,26,5.049105,2.93085,1.42476,1.602875,1.47848,1.128155,"y",1.35112,"facilitated",5,2,"ASC",1,9,90
"247",823,26,4.712215,2.39381,2.438975,6.6776,3.4274,1.653515,"y",0.476325,"facilitated",1,2,"ASC",1,9,90
"248",824,26,2.1254,1.84761,1.65255,1.49389,1.605095,2.160135,"n",0.828105,"unfacilitated",8,2,"ASC",1,9,90
"249",825,26,2.874905,1.711775,1.459055,1.5415,1.760695,1.432465,"n",0.83776,"facilitated",9,2,"ASC",1,9,90
"250",826,26,3.238625,2.601865,2.9133,2.43523,2.343,2.314565,"n",0.42182,"unfacilitated",10,2,"ASC",1,9,90
"251",830,26,13.295705,1.51081,1.576935,1.36052,1.49504,2.645875,"y",0.593505,"facilitated",3,2,"ASC",1,9,90
"252",842,27,1.65362,1.31798,1.40208,0.99314,1.06229,1.01802,"n",0.438915,"facilitated",9,2,"ASC",1,10,100
"253",843,27,6.554645,2.42968,1.8021,1.38894,1.20354,1.10463,"y",0.49076,"unfacilitated",2,2,"ASC",1,10,100
"254",846,27,1.67207,1.00503,0.94146,1.332505,0.998675,1.032985,"n",1.10683,"unfacilitated",10,2,"ASC",1,10,100
"255",847,27,3.302395,2.369575,1.19845,1.054515,0.954455,0.87538,"y",0.28727,"facilitated",1,2,"ASC",1,10,100
"256",851,27,2.05279,1.77186,1.40243,1.16042,1.55978,0.958515,"n",0.38483,"unfacilitated",6,2,"ASC",1,10,100
"257",855,27,2.52477,1.739315,1.24323,0.98301,0.88543,1.1615,"y",0.384235,"facilitated",3,2,"ASC",1,10,100
"258",857,27,1.693845,0.96869,2.736325,1.357235,1.20139,1.210365,"y",1.67018,"facilitated",5,2,"ASC",1,10,100
"259",858,27,4.55501,1.725195,1.33462,0.96756,0.98475,1.171125,"y",1.47495,"unfacilitated",4,2,"ASC",1,10,100
"260",861,27,1.618135,3.421335,1.817555,0.73274,0.66329,1.75823,"n",4.57347,"facilitated",7,2,"ASC",1,10,100
"261",864,27,1.80201,1.01639,0.793865,1.831215,1.17172,0.68051,"n",12.034285,"unfacilitated",8,2,"ASC",1,10,100
"262",875,28,1.625435,1.430445,1.351985,1.414715,0.829145,2.38167,"n",1.274285,"facilitated",10,2,"ASC",1,8,80
"263",880,28,1.975565,1.78115,1.363535,1.507335,1.933955,1.263955,"n",1.088685,"facilitated",6,2,"ASC",1,8,80
"264",881,28,4.194035,2.73013,2.108415,1.96903,0.979675,1.829315,"n",1.158695,"unfacilitated",7,2,"ASC",1,8,80
"265",884,28,2.798975,2.354935,1.24555,1.496405,0.76341,1.28007,"y",8.055595,"unfacilitated",5,2,"ASC",1,8,80
"266",886,28,7.406705,2.562625,2.328645,1.447445,1.970055,1.231415,"y",1.35618,"facilitated",2,2,"ASC",1,8,80
"267",891,28,2.525495,1.46569,2.2629,1.71528,0.947485,3.227435,"y",0.41495,"unfacilitated",3,2,"ASC",1,8,80
"268",892,28,2.699825,1.333785,2.32248,1.713055,1.6302,1.58465,"n",0.55295,"facilitated",8,2,"ASC",1,8,80
"269",893,28,5.58031,2.29274,2.68234,1.794785,0.66193,0.61708,"y",0.65642,"unfacilitated",1,2,"ASC",1,8,80
"270",902,29,2.18048,1.51309,1.5957,2.179655,1.343835,1.000055,"n",1.48867,"facilitated",10,2,"ASC",1,10,100
"271",903,29,2.9811,3.097685,1.51035,2.37778,1.648,1.246415,"y",0.993935,"unfacilitated",1,2,"ASC",1,10,100
"272",908,29,1.543495,2.11001,2.329865,2.343735,1.4353,1.984755,"y",5.13959,"facilitated",4,2,"ASC",1,10,100
"273",909,29,3.047715,2.016965,2.646425,3.05088,1.107395,1.55769,"y",0.575645,"unfacilitated",5,2,"ASC",1,10,100
"274",912,29,2.50101,3.16744,2.44531,1.32853,1.519185,1.00551,"y",1.104605,"facilitated",2,2,"ASC",1,10,100
"275",916,29,3.529155,2.277095,2.320565,1.82413,2.197485,1.59071,"n",0.775045,"facilitated",6,2,"ASC",1,10,100
"276",917,29,3.69637,2.31767,2.598165,2.053995,2.020185,1.73105,"n",1.14229,"unfacilitated",7,2,"ASC",1,10,100
"277",920,29,2.571305,1.446015,3.082155,1.6173,2.017235,3.404515,"n",1.20217,"unfacilitated",9,2,"ASC",1,10,100
"278",921,29,2.97061,1.486165,2.410925,1.78307,7.936205,2.040285,"y",2.721,"unfacilitated",3,2,"ASC",1,10,100
"279",923,29,2.23415,3.2034,2.09812,1.198065,2.18222,4.281355,"n",1.35335,"facilitated",8,2,"ASC",1,10,100
"280",929,30,4.914355,1.14022,17.491085,0.950535,0.598375,0.96924,"y",0.65239,"unfacilitated",3,2,"ASC",1,10,100
"281",930,30,10.27536,1.00263,0.883575,0.863415,0.80708,1.02627,"y",0.48422,"unfacilitated",1,2,"ASC",1,10,100
"282",940,30,1.07766,1.780425,1.418435,1.267555,1.124235,1.134905,"y",0.535055,"facilitated",4,2,"ASC",1,10,100
"283",942,30,2.261535,1.26856,1.2955,1.243105,1.17721,1.07249,"y",1.26662,"unfacilitated",5,2,"ASC",1,10,100
"284",943,30,3.40697,1.34365,1.51259,1.86762,1.57396,1.04726,"y",0.952105,"facilitated",2,2,"ASC",1,10,100
"285",946,30,2.001145,1.261,1.099615,1.151375,0.89364,0.728425,"n",0.788365,"facilitated",10,2,"ASC",1,10,100
"286",949,30,0.935535,2.249945,1.07714,1.11284,0.937785,0.76391,"n",0.37329,"unfacilitated",9,2,"ASC",1,10,100
"287",950,30,1.418475,1.17165,0.933475,1.036905,0.762225,0.50697,"n",0.467755,"unfacilitated",7,2,"ASC",1,10,100
"288",954,30,0.7508,0.940835,1.11218,0.66774,0.590725,0.55025,"n",0.372735,"facilitated",6,2,"ASC",1,10,100
"289",956,30,2.704745,0.70844,0.91704,0.721205,0.738895,0.49987,"n",0.286675,"facilitated",8,2,"ASC",1,10,100
"290",962,31,2.07971,3.91484,1.97005,1.74954,1.86498,1.500975,"n",1.058155,"facilitated",7,2,"TD",1,10,100
"291",963,31,2.77316,2.51445,1.876195,1.964975,1.34814,1.13563,"n",0.793645,"unfacilitated",6,2,"TD",1,10,100
"292",970,31,96.516685,1.11386,0.96228,0.9962,1.207805,1.04726,"n",0.172735,"unfacilitated",8,2,"TD",1,10,100
"293",971,31,27.89926,3.13364,2.513765,1.96775,1.949575,1.511095,"y",0.35428,"unfacilitated",4,2,"TD",1,10,100
"294",972,31,13.75092,3.811925,2.159725,2.265935,2.886585,0.90667,"y",0.30842,"facilitated",1,2,"TD",1,10,100
"295",974,31,1.75135,1.174155,1.211925,0.96524,0.855015,0.867985,"n",0.25877,"unfacilitated",10,2,"TD",1,10,100
"296",977,31,3.36934,2.479495,1.201435,1.13274,0.81678,0.729315,"n",0.401105,"facilitated",9,2,"TD",1,10,100
"297",979,31,3.09091,2.583805,1.54066,1.2966,1.34076,1.14918,"y",0.59299,"unfacilitated",2,2,"TD",1,10,100
"298",986,31,1.98389,2.26896,1.320815,1.238405,1.754625,1.15022,"y",1.501525,"facilitated",5,2,"TD",1,10,100
"299",991,31,1.765395,1.015135,1.57154,1.071805,0.914245,1.04931,"y",0.68814,"facilitated",3,2,"TD",1,10,100
"300",995,32,44.869,3.5036,2.8404,3.4244,1.8781,2.3376,"n",4.2125,"facilitated",7,2,"TD",1,8,80
"301",997,32,4.4702,1.7378,1.6514,5.817,1.8859,1.1849,"n",2.1253,"unfacilitated",10,2,"TD",1,8,80
"302",999,32,5.3618,2.2517,1.7357,2.0254,1.7178,1.3309,"n",4.0859,"facilitated",9,2,"TD",1,8,80
"303",1000,32,28.5337,4.8796,1.6741,1.8877,1.5225,2.4677,"y",2.5211,"facilitated",3,2,"TD",1,8,80
"304",1003,32,8.4588,30.6285,2.055,3.5262,1.8458,1.3352,"y",6.5022,"facilitated",1,2,"TD",1,8,80
"305",1009,32,7.6025,6.1039,1.361,1.5775,2.5731,1.251,"y",1.091,"unfacilitated",2,2,"TD",1,8,80
"306",1016,32,5.3504,3.401,2.0171,4.5845,2.8178,1.5168,"n",1.7507,"unfacilitated",6,2,"TD",1,8,80
"307",1020,32,3.6336,2.7672,1.0841,6.1505,0.9175,0.9336,"y",4.8844,"facilitated",5,2,"TD",1,8,80
"308",1025,33,1.9997,1.7176,1.7174,1.8017,1.3562,1.5513,"n",1.5343,"facilitated",7,2,"TD",1,10,100
"309",1027,33,2.252,1.5342,1.7682,1.9341,1.7201,1.4181,"n",0.7342,"unfacilitated",6,2,"TD",1,10,100
"310",1028,33,2.3522,2.5855,2.2686,1.6341,1.6017,1.6672,"n",0.4181,"facilitated",9,2,"TD",1,10,100
"311",1034,33,5.0702,2.1176,1.5886,1.9842,1.4179,1.2337,"y",0.4005,"facilitated",1,2,"TD",1,10,100
"312",1035,33,2.1017,1.2847,1.7846,1.7014,1.268,1.5682,"n",0.9527,"unfacilitated",10,2,"TD",1,10,100
"313",1038,33,1.8682,1.352,1.1678,1.1504,1.454,1.1513,"y",2.2182,"facilitated",5,2,"TD",1,10,100
"314",1042,33,2.7347,1.8848,1.9007,2.0684,2.0518,1.2007,"y",0.3845,"unfacilitated",2,2,"TD",1,10,100
"315",1044,33,2.552,2.3184,1.5341,2.1017,1.4846,1.5844,"y",1.3009,"unfacilitated",4,2,"TD",1,10,100
"316",1048,33,2.7683,1.6018,1.3512,1.7855,1.2683,2.1017,"y",0.5012,"facilitated",3,2,"TD",1,10,100
"317",1052,33,4.9036,1.8685,1.7186,1.7349,1.8017,1.7006,"n",0.5179,"unfacilitated",8,2,"TD",1,10,100
"318",1057,34,3.8945,2.6457,3.6638,3.8481,1.9649,3.4344,"n",1.9959,"facilitated",7,2,"TD",1,10,100
"319",1059,34,4.555,1.9744,2.3362,2.1696,1.9508,2.2358,"y",1.5513,"facilitated",5,2,"TD",1,10,100
"320",1060,34,3.3582,4.3057,2.8439,3.069,3.269,2.3266,"y",1.068,"unfacilitated",4,2,"TD",1,10,100
"321",1062,34,4.8399,3.181,2.4155,3.031,3.2157,1.7859,"y",0.9823,"unfacilitated",2,2,"TD",1,10,100
"322",1072,34,2.401,2.9525,3.2705,3.3524,3.2195,2.3691,"n",1.2206,"unfacilitated",6,2,"TD",1,10,100
"323",1077,34,10.9269,2.1314,2.3651,3.0312,10.9953,1.5284,"n",1.6284,"unfacilitated",10,2,"TD",1,10,100
"324",1078,34,7.2832,2.5842,4.3485,2.6971,2.5082,3.8484,"y",1.235,"facilitated",3,2,"TD",1,10,100
"325",1084,34,2.6024,4.2944,3.5526,2.1249,3.9467,3.383,"n",1.778,"unfacilitated",8,2,"TD",1,10,100
"326",1085,34,3.4588,3.9302,2.5907,3.3926,2.314,1.8554,"y",4.6317,"facilitated",1,2,"TD",1,10,100
"327",1086,34,3.5124,2.7987,2.1721,2.0371,2.1678,2.5211,"n",2.1846,"facilitated",9,2,"TD",1,10,100
"328",1090,35,11.877,3.185,1.289,1.518,1.684,1.336,"y",1.705,"unfacilitated",4,2,"TD",1,7,70
"329",1091,35,4.366,1.372,1.35,1.534,1.2,1.267,"n",1.969,"facilitated",9,2,"TD",1,7,70
"330",1092,35,3.802,1.883,1.916,2.801,2.034,1.602,"y",0.434,"unfacilitated",2,2,"TD",1,7,70
"331",1098,35,5.938,2.938,1.582,1.783,1.618,1.367,"n",1.093,"unfacilitated",6,2,"TD",1,7,70
"332",1105,35,1.283,1.451,1.151,1.373,1.484,1.601,"n",0.886,"unfacilitated",8,2,"TD",1,7,70
"333",1107,35,2.071,1.886,1.196,2.801,0.835,1.064,"y",2.971,"facilitated",5,2,"TD",1,7,70
"334",1119,35,8.306,0.835,1.633,1.899,1.054,1.305,"n",0.917,"unfacilitated",10,2,"TD",1,7,70
"335",1121,36,8.3434,4.0998,3.5697,4.5014,3.1058,2.5017,"n",1.1007,"facilitated",8,2,"TD",1,7,70
"336",1124,36,5.4872,3.987,4.8528,4.789,1.4577,1.7203,"n",3.2141,"unfacilitated",7,2,"TD",1,7,70
"337",1125,36,8.4919,4.1302,4.6531,1.5735,1.6235,2.057,"n",1.1687,"facilitated",10,2,"TD",1,7,70
"338",1138,36,4.0049,3.0607,3.7885,2.7799,0.842,1.1002,"n",1.8815,"unfacilitated",9,2,"TD",1,7,70
"339",1144,36,4.1113,4.425,2.2249,2.9334,1.8818,1.2069,"n",0.6358,"facilitated",6,2,"TD",1,7,70
"340",1146,36,21.1326,1.9438,3.3861,2.4794,1.0412,1.1614,"y",0.7648,"unfacilitated",5,2,"TD",1,7,70
"341",1149,36,74.981,1.9232,1.742,1.1883,0.8438,1.4485,"y",0.4678,"unfacilitated",1,2,"TD",1,7,70
"342",1153,37,2.2856,2.8405,1.46,1.9449,1.3611,1.7516,"y",1.3124,"facilitated",3,2,"TD",1,10,100
"343",1154,37,3.8242,2.2745,2.2292,1.6411,1.8403,1.3853,"y",0.825,"unfacilitated",2,2,"TD",1,10,100
"344",1156,37,1.6057,1.7844,1.3356,1.3395,1.4678,1.7028,"n",2.2671,"unfacilitated",8,2,"TD",1,10,100
"345",1165,37,1.8176,1.9942,1.8561,1.8004,0.9548,1.3091,"n",7.9523,"facilitated",7,2,"TD",1,10,100
"346",1172,37,4.5122,2.4945,1.1757,1.3694,1.0851,1.1798,"y",0.855,"facilitated",5,2,"TD",1,10,100
"347",1174,37,3.4733,2.0412,2.1609,2.4175,1.4108,1.9267,"y",2.9527,"unfacilitated",4,2,"TD",1,10,100
"348",1175,37,2.3262,1.7984,1.3361,1.5567,0.862,1.008,"n",2.0578,"facilitated",9,2,"TD",1,10,100
"349",1177,37,1.6478,1.1983,1.1618,1.3251,1.0024,1.0126,"n",0.9543,"unfacilitated",10,2,"TD",1,10,100
"350",1179,37,1.585,1.8126,1.1964,1.3836,0.8827,1.1283,"y",0.3558,"facilitated",1,2,"TD",1,10,100
"351",1182,37,2.7254,2.6993,2.4764,1.6937,1.3876,0.7786,"n",0.3125,"unfacilitated",6,2,"TD",1,10,100
"352",1189,38,2.8527,2.6191,2.6539,2.7196,2.4368,1.7536,"n",2.2023,"unfacilitated",10,2,"TD",1,9,90
"353",1190,38,3.4373,2.621,12.0711,3.2363,1.8933,1.9522,"n",1.6872,"facilitated",9,2,"TD",1,9,90
"354",1192,38,3.8381,2.295,2.588,2.7197,1.8354,2.3199,"y",2.4874,"facilitated",3,2,"TD",1,9,90
"355",1193,38,4.9728,3.5538,2.1526,2.8712,1.9699,2.203,"n",1.469,"facilitated",7,2,"TD",1,9,90
"356",1194,38,3.3872,2.487,2.2534,2.4033,2.9039,1.6023,"y",1.1358,"facilitated",1,2,"TD",1,9,90
"357",1198,38,2.4786,2.9753,3.1477,2.2874,2.5727,2.5205,"n",0.9506,"unfacilitated",8,2,"TD",1,9,90
"358",1200,38,4.5386,2.9531,3.6457,2.4528,3.5877,1.9691,"y",1.6853,"unfacilitated",2,2,"TD",1,9,90
"359",1208,38,2.3023,2.4369,3.3037,2.4022,3.1712,1.7016,"n",1.0009,"unfacilitated",6,2,"TD",1,9,90
"360",1212,38,2.8527,1.6026,2.1699,1.7522,2.0021,1.9021,"y",4.9728,"facilitated",5,2,"TD",1,9,90
"361",1219,39,2.2775,2.0485,2.031,1.5307,1.3304,1.1782,"n",3.0506,"facilitated",7,2,"TD",1,10,100
"362",1220,39,1.9494,1.8661,1.3659,1.0819,1.6637,1.1069,"y",0.4348,"facilitated",5,2,"TD",1,10,100
"363",1223,39,1.9007,2.2996,1.3659,1.3522,1.6009,1.8017,"n",1.8673,"unfacilitated",6,2,"TD",1,10,100
"364",1225,39,2.4864,1.2843,0.8198,1.0688,0.5676,0.8023,"n",0.7658,"unfacilitated",10,2,"TD",1,10,100
"365",1226,39,2.4512,1.4329,1.4696,1.8524,1.1442,0.9344,"y",0.8507,"unfacilitated",2,2,"TD",1,10,100
"366",1233,39,2.1659,1.6501,1.9834,1.4676,0.855,0.9692,"n",2.1502,"facilitated",9,2,"TD",1,10,100
"367",1237,39,2.1993,1.9187,1.3831,2.0346,1.1322,1.7208,"y",0.452,"facilitated",3,2,"TD",1,10,100
"368",1238,39,1.2165,4.7825,1.419,1.485,1.2993,1.3889,"y",0.1006,"unfacilitated",4,2,"TD",1,10,100
"369",1240,39,3.4659,1.9212,1.5007,1.8491,0.8895,1.1656,"n",2.2007,"unfacilitated",8,2,"TD",1,10,100
"370",1241,39,2.101,2.4196,1.5688,2.2504,1.0842,0.7853,"y",0.4523,"facilitated",1,2,"TD",1,10,100
"371",1261,40,2.2058,1.3115,1.4402,1.177,0.7622,1.2844,"y",0.7884,"facilitated",5,2,"TD",1,6,60
"372",1265,40,1.2281,1.2705,1.4469,1.3313,1.0277,1.2025,"n",0.9169,"unfacilitated",8,2,"TD",1,6,60
"373",1269,40,1.4359,1.2041,1.2128,0.9065,0.9068,1.0077,"y",1.3719,"facilitated",1,2,"TD",1,6,60
"374",1271,40,3.3096,1.1881,1.8754,0.9193,0.8875,0.9097,"n",0.6182,"unfacilitated",6,2,"TD",1,6,60
"375",1276,40,1.7351,1.6368,1.1863,0.9893,0.7534,0.7452,"n",0.9704,"facilitated",9,2,"TD",1,6,60
"376",1279,40,1.8571,0.7719,0.7789,1.153,0.6436,0.7209,"n",1.1214,"unfacilitated",10,2,"TD",1,6,60
"377",1282,42,2.6694,16.9736,2.4203,1.2691,1.3354,1.1024,"y",0.4357,"facilitated",5,2,"TD",1,10,100
"378",1285,42,3.0036,1.6858,1.6359,1.5685,1.5363,1.2353,"y",0.6013,"unfacilitated",2,2,"TD",1,10,100
"379",1287,42,2.5372,1.6857,1.0682,1.4015,1.0351,1.1696,"n",0.652,"facilitated",9,2,"TD",1,10,100
"380",1290,42,5.3056,2.6022,3.2373,1.4355,1.3304,1.3704,"n",0.4345,"unfacilitated",8,2,"TD",1,10,100
"381",1293,42,1.669,2.8205,2.0041,2.6368,1.4353,1.6016,"n",2.9205,"facilitated",7,2,"TD",1,10,100
"382",1299,42,2.2032,2.5365,1.3357,1.7877,1.3188,2.3551,"y",0.3682,"facilitated",3,2,"TD",1,10,100
"383",1304,42,2.4054,1.7194,1.2852,1.4701,1.6021,1.4698,"y",0.4021,"unfacilitated",4,2,"TD",1,10,100
"384",1309,42,2.1034,2.3701,2.4029,1.4351,1.2856,1.2685,"n",0.2845,"unfacilitated",6,2,"TD",1,10,100
"385",1310,42,3.1279,1.3863,1.934,1.7705,1.3691,1.069,"n",0.6542,"unfacilitated",10,2,"TD",1,10,100
"386",1312,42,2.4025,2.7041,1.1696,3.2874,2.1539,1.068,"y",0.5016,"facilitated",1,2,"TD",1,10,100
"387",1314,43,3.2348,2.9862,2.9993,2.018,3.8511,2.4022,"n",2.5696,"unfacilitated",8,2,"TD",1,10,100
"388",1317,43,2.9844,5.6837,5.4842,4.5558,5.9548,1.4857,"y",5.8584,"unfacilitated",2,2,"TD",1,10,100
"389",1319,43,2.0302,3.551,3.1182,1.7851,1.7343,1.6346,"y",3.169,"facilitated",5,2,"TD",1,10,100
"390",1322,43,4.7844,2.5354,3.0849,5.5704,1.4356,2.4087,"n",1.5907,"unfacilitated",10,2,"TD",1,10,100
"391",1325,43,2.718,2.4183,3.4338,2.852,2.702,1.4677,"n",1.369,"unfacilitated",6,2,"TD",1,10,100
"392",1329,43,3.4142,2.6522,2.8182,3.6032,1.9203,3.2536,"y",1.6555,"facilitated",3,2,"TD",1,10,100
"393",1330,43,2.6008,2.8177,2.2758,3.2044,1.775,1.5025,"y",0.8692,"facilitated",1,2,"TD",1,10,100
"394",1333,43,3.3827,4.5537,2.0179,2.3334,1.8589,1.736,"y",8.8833,"unfacilitated",4,2,"TD",1,10,100
"395",1343,43,4.0163,4.3903,3.5835,2.1005,1.2892,1.9008,"n",2.1863,"facilitated",9,2,"TD",1,10,100
"396",1344,43,3.5489,1.9681,2.2582,2.6834,1.2159,2.7023,"n",1.4836,"facilitated",7,2,"TD",1,10,100
"397",1348,44,2.3336,2.1156,1.5545,2.6995,2.4675,1.5316,"y",1.1933,"facilitated",1,2,"TD",1,8,80
"398",1358,44,2.2982,2.4659,2.7483,2.8818,2.607,1.0848,"y",0.851,"unfacilitated",2,2,"TD",1,8,80
"399",1361,44,2.8951,2.1392,1.7658,1.7818,1.9701,1.8313,"n",1.5029,"unfacilitated",6,2,"TD",1,8,80
"400",1363,44,3.0194,1.3481,2.4683,1.4986,1.365,1.9353,"y",0.5955,"facilitated",3,2,"TD",1,8,80
"401",1365,44,1.9824,1.9508,1.4899,1.698,1.5059,1.6104,"y",0.8579,"unfacilitated",4,2,"TD",1,8,80
"402",1368,44,1.6807,1.7548,2.3203,5.4636,1.9209,2.4799,"n",1.5353,"facilitated",9,2,"TD",1,8,80
"403",1369,44,1.8797,1.4917,1.5981,1.8088,1.6295,1.4976,"y",1.4232,"facilitated",5,2,"TD",1,8,80
"404",1371,44,1.981,1.6817,1.4164,1.5095,1.6981,1.6725,"n",2.1564,"unfacilitated",8,2,"TD",1,8,80
"405",1377,45,4.9166,3.1023,3.2206,1.3192,4.0072,1.3775,"y",1.7066,"unfacilitated",2,2,"TD",1,10,100
"406",1379,45,2.7525,1.3629,1.2492,1.5665,1.1064,1.7736,"n",1.7458,"facilitated",9,2,"TD",1,10,100
"407",1382,45,3.5661,2.626,1.6732,1.5865,1.9315,1.1396,"y",1.1409,"facilitated",5,2,"TD",1,10,100
"408",1389,45,2.2552,3.2878,1.1964,1.1066,0.7489,1.847,"n",0.8025,"facilitated",7,2,"TD",1,10,100
"409",1394,45,2.7651,1.4986,1.8,1.3304,1.011,1.1934,"y",1.8076,"facilitated",3,2,"TD",1,10,100
"410",1395,45,2.3353,1.6779,0.8004,1.1092,1.3442,1.6308,"n",0.8725,"unfacilitated",8,2,"TD",1,10,100
"411",1396,45,1.9264,2.5673,1.5972,1.4474,1.9872,1.1362,"n",0.6232,"unfacilitated",6,2,"TD",1,10,100
"412",1398,45,2.2633,1.7261,1.4069,2.3333,0.6806,1.1731,"n",1.3287,"unfacilitated",10,2,"TD",1,10,100
"413",1399,45,2.4219,2.5825,2.4331,2.2768,1.8792,0.7367,"y",0.8767,"facilitated",1,2,"TD",1,10,100
"414",1404,45,1.9874,2.5272,1.6993,1.426,0.9807,1.1027,"y",0.1183,"unfacilitated",4,2,"TD",1,10,100
"415",1411,46,3.2965,3.1802,3.0683,1.9615,1.9348,1.879,"y",4.3338,"facilitated",5,2,"TD",1,9,90
"416",1416,46,8.6609,3.1998,1.6968,2.6353,1.8528,1.6339,"y",1.5057,"facilitated",1,2,"TD",1,9,90
"417",1418,46,7.333,3.7382,2.4089,3.8,2.3335,1.7169,"n",1.1531,"unfacilitated",6,2,"TD",1,9,90
"418",1419,46,9.5001,3.1725,2.6032,2.5309,2.2115,1.6995,"y",0.8493,"unfacilitated",2,2,"TD",1,9,90
"419",1424,46,4.0269,2.6001,2.6446,3.645,1.9037,3.4828,"y",2.3195,"facilitated",3,2,"TD",1,9,90
"420",1425,46,5.2888,3.6162,4.0342,2.7003,1.2671,1.7653,"n",1.6301,"facilitated",7,2,"TD",1,9,90
"421",1427,46,5.1659,2.3671,1.9121,2.2621,2.7342,2.4108,"n",2.739,"facilitated",9,2,"TD",1,9,90
"422",1429,46,5.5691,8.0956,2.1508,1.9367,3.2234,3.3508,"n",3.8171,"unfacilitated",8,2,"TD",1,9,90
"423",1433,46,2.4608,3.3614,2.334,1.7524,2.6743,2.141,"n",2.1466,"unfacilitated",10,2,"TD",1,9,90
"424",1441,47,6.6992,4.024,3.1702,4.1121,2.1862,2.4879,"n",3.6216,"unfacilitated",7,2,"TD",1,10,100
"425",1444,47,5.218,3.2708,3.3712,3.3375,2.5713,3.2756,"y",2.2349,"unfacilitated",3,2,"TD",1,10,100
"426",1445,47,3.8065,3.978,3.247,2.4713,2.3868,1.8389,"n",0.8192,"facilitated",6,2,"TD",1,10,100
"427",1453,47,3.3043,5.3228,4.2386,2.6018,2.5033,2.6208,"y",11.7297,"facilitated",4,2,"TD",1,10,100
"428",1455,47,3.5538,3.187,2.1668,2.0384,1.9531,2.4865,"y",7.0252,"unfacilitated",5,2,"TD",1,10,100
"429",1461,47,6.7415,5.4184,2.422,5.373,2.736,3.0372,"y",0.9189,"unfacilitated",1,2,"TD",1,10,100
"430",1463,47,3.0529,3.0852,3.0053,1.7858,1.8531,2.0689,"n",0.9022,"facilitated",8,2,"TD",1,10,100
"431",1469,47,5.2729,4.4713,4.7804,5.2231,2.6046,1.7708,"y",4.6345,"facilitated",2,2,"TD",1,10,100
"432",1470,47,5.2571,2.0363,3.0057,2.5039,2.9687,2.3104,"n",2.2389,"facilitated",10,2,"TD",1,10,100
"433",1471,47,4.1542,3.8215,2.5204,2.838,2.0194,4.481,"n",2.3134,"unfacilitated",9,2,"TD",1,10,100
"434",1474,48,3.2135,3.1471,2.9388,2.7699,2.6289,1.9991,"y",1.2773,"unfacilitated",1,2,"TD",1,10,100
"435",1480,48,2.5725,2.0832,1.829,2.2858,1.7677,2.0583,"n",1.9816,"facilitated",10,2,"TD",1,10,100
"436",1483,48,2.3372,2.4451,2.275,2.5884,1.6868,2.189,"n",1.2087,"unfacilitated",7,2,"TD",1,10,100
"437",1484,48,3.4063,2.8285,2.3499,2.7411,2.273,2.3076,"y",0.9213,"facilitated",4,2,"TD",1,10,100
"438",1485,48,3.0732,2.2028,2.662,1.7064,2.754,3.2873,"n",1.382,"facilitated",8,2,"TD",1,10,100
"439",1487,48,5.2508,2.3572,2.793,3.1021,2.1675,2.6264,"y",1.6437,"unfacilitated",3,2,"TD",1,10,100
"440",1492,48,4.9827,2.6425,2.7257,1.8198,1.7204,1.6209,"y",1.103,"unfacilitated",5,2,"TD",1,10,100
"441",1498,48,4.0224,2.8705,3.431,2.7056,2.5778,1.8467,"n",0.8973,"facilitated",6,2,"TD",1,10,100
"442",1500,48,3.5993,2.6611,3.58,1.8286,1.5632,2.0998,"n",1.1469,"unfacilitated",9,2,"TD",1,10,100
"443",1504,48,4.5258,2.1652,2.478,1.9947,2.3799,1.4333,"y",0.8347,"facilitated",2,2,"TD",1,10,100
"444",1509,49,4.719,3.172,1.994,1.411,2.161,0.889,"y",0.734,"facilitated",2,2,"TD",1,10,100
"445",1512,49,1.821,1.625,3.29,1.498,1.744,3.412,"n",0.849,"facilitated",8,2,"TD",1,10,100
"446",1513,49,4.013,1.347,1.935,2.256,1.421,2.837,"y",2.129,"unfacilitated",3,2,"TD",1,10,100
"447",1514,49,3.782,1.094,1.665,1.504,1.533,2.211,"n",1.71,"facilitated",10,2,"TD",1,10,100
"448",1522,49,2.346,2.529,2.575,2.235,1.912,1.372,"n",0.751,"facilitated",6,2,"TD",1,10,100
"449",1525,49,3.211,3.389,2.854,1.788,1.011,1.216,"y",0.944,"unfacilitated",5,2,"TD",1,10,100
"450",1529,49,2.898,2.165,1.855,1.929,1.546,1.448,"y",0.557,"facilitated",4,2,"TD",1,10,100
"451",1530,49,3.205,1.92,1.495,1.889,1.233,1.471,"n",1.193,"unfacilitated",7,2,"TD",1,10,100
"452",1532,49,2.524,2.644,1.061,1.24,1.387,1.024,"y",0.836,"unfacilitated",1,2,"TD",1,10,100
"453",1536,49,1.896,1.765,1.765,1.653,1.158,1.156,"n",1.177,"unfacilitated",9,2,"TD",1,10,100
"454",1540,50,8.4262,2.4125,2.4585,2.9356,2.5137,1.6804,"y",1.9272,"facilitated",2,2,"TD",1,10,100
"455",1550,50,2.9299,2.8558,5.2951,2.4567,1.7046,2.3559,"y",1.2682,"unfacilitated",3,2,"TD",1,10,100
"456",1551,50,2.6769,2.2687,2.3532,2.9317,1.7573,1.7981,"y",2.538,"unfacilitated",5,2,"TD",1,10,100
"457",1552,50,3.0986,3.1389,2.5325,1.9654,1.6898,1.8339,"y",1.2942,"unfacilitated",1,2,"TD",1,10,100
"458",1555,50,2.2094,3.002,2.0803,3.4203,2.3888,1.9719,"n",3.4571,"unfacilitated",9,2,"TD",1,10,100
"459",1556,50,3.0358,3.5573,3.7359,2.5605,2.1376,2.3555,"y",1.1545,"facilitated",4,2,"TD",1,10,100
"460",1560,50,2.7915,2.4416,2.8225,2.9352,1.5693,2.065,"n",2.2192,"unfacilitated",7,2,"TD",1,10,100
"461",1564,50,2.6749,1.5792,1.3381,1.845,2.9524,2.5461,"n",3.1448,"facilitated",10,2,"TD",1,10,100
"462",1567,50,6.9425,3.4804,2.2525,3.7145,3.1003,1.8885,"n",1.6678,"facilitated",8,2,"TD",1,10,100
"463",1568,50,2.3808,2.0815,3.1494,2.4615,3.5103,2.1285,"n",1.5404,"facilitated",6,2,"TD",1,10,100
"464",1569,51,3.5008,3.0511,2.8338,3.4892,1.8632,2.0465,"n",1.6532,"unfacilitated",7,2,"TD",1,10,100
"465",1573,51,5.8435,2.2435,1.7964,1.7975,1.5199,1.9184,"n",1.5755,"unfacilitated",9,2,"TD",1,10,100
"466",1577,51,3.5075,3.153,4.137,1.9183,1.8228,1.7201,"y",1.9079,"unfacilitated",3,2,"TD",1,10,100
"467",1584,51,3.7784,1.6351,2.7126,1.4734,1.7556,1.9958,"n",1.2434,"facilitated",10,2,"TD",1,10,100
"468",1586,51,3.1534,5.4834,1.3556,1.9791,2.2843,1.1004,"y",0.7499,"unfacilitated",1,2,"TD",1,10,100
"469",1590,51,5.7831,2.8339,2.5502,1.4672,1.6874,1.2883,"y",3.184,"unfacilitated",5,2,"TD",1,10,100
"470",1591,51,5.0358,4.1537,2.1593,1.5172,2.4515,1.9842,"n",0.9197,"facilitated",6,2,"TD",1,10,100
"471",1592,51,2.3514,1.8833,2.368,1.9397,3.0399,2.6834,"n",0.6194,"facilitated",8,2,"TD",1,10,100
"472",1597,51,6.6879,3.9515,1.8389,1.798,1.8507,1.0679,"y",0.8095,"facilitated",2,2,"TD",1,10,100
"473",1599,51,2.5456,5.6835,2.3735,1.3679,1.3566,1.3013,"y",1.0034,"facilitated",4,2,"TD",1,10,100
"474",1603,52,5.0457,2.7046,3.1136,2.482,1.8997,1.7476,"y",1.0765,"unfacilitated",5,2,"TD",1,9,90
"475",1609,52,2.4814,3.7124,3.0355,2.2029,2.2832,2.1756,"n",1.0214,"facilitated",6,2,"TD",1,9,90
"476",1614,52,2.2457,1.5709,1.8156,2.0477,1.3561,1.5546,"n",1.5691,"facilitated",10,2,"TD",1,9,90
"477",1618,52,2.2524,3.824,1.9653,1.8595,1.6495,2.0648,"y",0.8168,"facilitated",4,2,"TD",1,9,90
"478",1624,52,2.0827,3.8685,4.7016,4.622,1.3877,1.6157,"n",1.7436,"unfacilitated",9,2,"TD",1,9,90
"479",1625,52,2.0167,2.3841,2.1658,1.9583,2.4999,3.6826,"n",1.6855,"facilitated",8,2,"TD",1,9,90
"480",1626,52,3.1191,1.9557,2.1021,1.7396,2.5836,1.4819,"y",1.0101,"facilitated",2,2,"TD",1,9,90
"481",1628,52,4.1752,2.2657,2.6859,3.1333,2.2199,1.9418,"y",1.7893,"unfacilitated",3,2,"TD",1,9,90
"482",1632,52,2.8965,9.2345,2.0906,2.1557,1.9018,1.1162,"y",0.6706,"unfacilitated",1,2,"TD",1,9,90
"483",1633,53,2.3852,2.9433,3.4192,2.0755,1.7369,1.7967,"n",0.602,"facilitated",6,2,"TD",1,9,90
"484",1635,53,2.8676,1.8925,1.9271,1.6529,1.4928,1.6412,"n",0.9881,"facilitated",10,2,"TD",1,9,90
"485",1636,53,3.223,2.3807,1.521,2.4769,1.7875,1.4345,"y",0.5529,"unfacilitated",1,2,"TD",1,9,90
"486",1639,53,2.9884,2.0351,2.1846,2.1245,1.8402,1.7403,"y",0.6846,"unfacilitated",5,2,"TD",1,9,90
"487",1650,53,6.9975,5.0054,4.8737,2.0758,2.123,2.7798,"n",5.8349,"unfacilitated",9,2,"TD",1,9,90
"488",1657,53,2.801,3.1678,2.6118,3.1846,2.4342,2.339,"y",1.6475,"facilitated",4,2,"TD",1,9,90
"489",1659,53,2.6177,2.3634,3.805,3.9844,1.951,1.8692,"y",0.4783,"unfacilitated",3,2,"TD",1,9,90
"490",1661,53,2.8209,2.4677,2.8291,2.3586,2.342,1.1062,"y",0.5676,"facilitated",2,2,"TD",1,9,90
"491",1662,53,3.5398,2.9428,2.9419,2.846,1.6343,2.2842,"n",0.9103,"facilitated",8,2,"TD",1,9,90
"492",1667,54,4.2042,2.8041,3.2657,2.5346,1.6635,1.2144,"y",2.771,"facilitated",4,2,"TD",1,10,100
"493",1668,54,2.9789,1.696,1.2145,1.4171,1.3626,1.1012,"n",1.2397,"unfacilitated",7,2,"TD",1,10,100
"494",1672,54,2.5826,1.2672,1.1642,1.2564,1.0396,0.9628,"n",0.9864,"facilitated",10,2,"TD",1,10,100
"495",1677,54,1.3851,1.0791,1.456,1.5821,1.2153,1.0142,"y",0.4838,"unfacilitated",5,2,"TD",1,10,100
"496",1680,54,2.137,2.1327,4.4306,1.6352,1.2483,0.8461,"n",0.7602,"facilitated",6,2,"TD",1,10,100
"497",1681,54,1.7453,1.6378,1.8011,1.4374,1.4965,1.0453,"y",1.6018,"facilitated",2,2,"TD",1,10,100
"498",1683,54,2.64,2.8473,1.113,1.0123,0.8355,1.0135,"n",0.9417,"unfacilitated",9,2,"TD",1,10,100
"499",1689,54,2.6284,2.1191,2.0964,3.6838,1.9118,3.2124,"y",0.6444,"unfacilitated",3,2,"TD",1,10,100
"500",1692,54,1.596,1.2046,2.8812,1.5188,1.5693,1.8225,"n",0.2275,"facilitated",8,2,"TD",1,10,100
"501",1693,54,4.158,2.163,1.3304,0.9293,0.8649,1.0451,"y",0.6011,"unfacilitated",1,2,"TD",1,10,100
"502",1698,55,5.476,2.101,2.386,7.61,1.301,2.254,"y",2.568,"unfacilitated",3,2,"TD",1,10,100
"503",1701,55,4,2.189,3.706,1.422,1.773,2.888,"n",2.226,"facilitated",10,2,"TD",1,10,100
"504",1702,55,7.717,2.957,3.229,1.579,2.277,2.492,"n",2.213,"facilitated",8,2,"TD",1,10,100
"505",1705,55,2.884,3.811,1.765,4.707,1.286,1.314,"n",3.81,"unfacilitated",7,2,"TD",1,10,100
"506",1707,55,4.591,6.226,5.174,1.732,1.404,1.292,"y",1.447,"facilitated",4,2,"TD",1,10,100
"507",1708,55,5.852,2.326,2.001,1.955,1.78,1.232,"y",1.073,"facilitated",2,2,"TD",1,10,100
"508",1710,55,5.777,1.666,1.776,1.7,1.735,1.327,"n",2.403,"unfacilitated",9,2,"TD",1,10,100
"509",1716,55,7.333,3.617,7.222,2.3,1.888,1.287,"y",2.35,"unfacilitated",5,2,"TD",1,10,100
"510",1724,55,7.339,2.902,1.949,2.065,2.507,1.436,"y",0.534,"unfacilitated",1,2,"TD",1,10,100
"511",1727,55,6.033,4.023,4.808,1.381,1.54,1.816,"n",0.869,"facilitated",6,2,"TD",1,10,100
"512",1732,56,9.87,3.385,3.711,3.24,2.784,2.329,"y",1.383,"facilitated",2,2,"TD",1,10,100
"513",1734,56,3.882,2.551,3.586,2.68,2.687,2.328,"n",1.811,"unfacilitated",7,2,"TD",1,10,100
"514",1736,56,3,2.63,3.068,3.165,3.079,2.461,"n",1.042,"facilitated",8,2,"TD",1,10,100
"515",1747,56,4.451,3.918,2.737,2.648,2.492,2.081,"y",1.075,"facilitated",4,2,"TD",1,10,100
"516",1750,56,3.752,5.015,3.232,2.996,5.13,3.313,"y",0.822,"unfacilitated",1,2,"TD",1,10,100
"517",1752,56,4.159,3.274,4.237,3.139,3.532,3.462,"n",0.892,"facilitated",10,2,"TD",1,10,100
"518",1754,56,3.109,2.656,2.832,3.082,4.712,3.111,"y",2.759,"unfacilitated",5,2,"TD",1,10,100
"519",1757,56,2.949,2.64,3.689,2.447,2.676,2.632,"n",0.858,"facilitated",6,2,"TD",1,10,100
"520",1758,56,4.396,3.8,3.555,5.848,2.93,9.307,"y",0.918,"unfacilitated",3,2,"TD",1,10,100
"521",1759,56,9.707,7.5,4.803,3.086,4.215,3.795,"n",1.687,"unfacilitated",9,2,"TD",1,10,100
"522",1762,57,5.629,4.401,2.714,3.078,2.349,1.716,"y",1.284,"facilitated",2,2,"TD",1,10,100
"523",1771,57,2.589,2.096,1.963,1.631,2.112,3.846,"n",0.518,"facilitated",8,2,"TD",1,10,100
"524",1776,57,3.864,3.346,1.747,2.263,1.98,2.833,"y",0.741,"unfacilitated",1,2,"TD",1,10,100
"525",1777,57,2.736,1.98,2.016,2.266,1.332,1.327,"n",1.121,"unfacilitated",9,2,"TD",1,10,100
"526",1779,57,2.331,2.898,2.563,5.401,2.351,1.802,"n",0.768,"facilitated",6,2,"TD",1,10,100
"527",1780,57,3.212,6.399,3.991,3.854,1.797,2.163,"n",0.835,"unfacilitated",7,2,"TD",1,10,100
"528",1783,57,2.682,2.233,1.744,1.831,1.198,1.452,"n",1.22,"facilitated",10,2,"TD",1,10,100
"529",1787,57,2.765,2.279,2.1,2.849,1.265,3.412,"y",0.97,"unfacilitated",3,2,"TD",1,10,100
"530",1788,57,1.925,4.16,4.299,2.68,1.345,2.03,"y",1.051,"facilitated",4,2,"TD",1,10,100
"531",1792,57,3.561,3.082,3.764,1.487,1.953,1.484,"y",0.908,"unfacilitated",5,2,"TD",1,10,100
"532",1794,58,2.7445,2.1621,1.7266,3.1606,1.8952,1.0805,"n",0.9056,"facilitated",6,2,"TD",1,9,90
"533",1795,58,5.5585,1.4102,1.4095,1.9467,0.9141,0.9446,"n",1.0948,"unfacilitated",9,2,"TD",1,9,90
"534",1796,58,6.8305,2.3077,1.9799,1.5208,0.8365,2.4518,"n",1.3545,"unfacilitated",7,2,"TD",1,9,90
"535",1797,58,10.2345,1.7024,1.7847,2.0017,2.0521,1.9238,"n",0.405,"facilitated",8,2,"TD",1,9,90
"536",1801,58,4.084,1.7845,1.5272,1.1209,1.7022,1.2689,"y",1.3084,"facilitated",2,2,"TD",1,9,90
"537",1804,58,2.1357,1.705,0.818,0.9074,0.7903,0.9512,"n",0.8531,"facilitated",10,2,"TD",1,9,90
"538",1807,58,4.3225,1.0862,1.3017,3.5873,0.7527,1.8181,"y",1.2522,"unfacilitated",3,2,"TD",1,9,90
"539",1808,58,1.4352,1.9215,1.9055,1.068,0.9156,0.9612,"y",5.2901,"unfacilitated",5,2,"TD",1,9,90
"540",1815,58,3.0662,1.4932,0.969,0.9267,1.0115,1.2715,"y",0.171,"unfacilitated",1,2,"TD",1,9,90
"541",1825,59,3.9861,4.1776,5.1463,3.7553,2.9343,2.4317,"n",2.6539,"facilitated",6,2,"TD",1,9,90
"542",1828,59,5.9188,4.042,3.1036,2.9975,1.6493,1.8177,"y",1.0804,"facilitated",2,2,"TD",1,9,90
"543",1830,59,4.8517,3.8182,6.7611,2.826,1.8092,4.3442,"y",1.043,"unfacilitated",3,2,"TD",1,9,90
"544",1832,59,2.4792,3.0757,2.5693,2.3078,2.2794,2.0786,"n",1.8504,"facilitated",8,2,"TD",1,9,90
"545",1834,59,4.1979,4.876,3.2002,1.6745,1.5294,2.1414,"y",6.3393,"unfacilitated",5,2,"TD",1,9,90
"546",1840,59,4.31,9.4147,2.4647,3.0192,1.7398,1.975,"y",0.8761,"facilitated",4,2,"TD",1,9,90
"547",1847,59,3.5124,2.7299,2.2395,2.3878,1.5396,1.792,"n",2.0954,"unfacilitated",7,2,"TD",1,9,90
"548",1851,59,1.8627,2.1381,2.9506,1.6454,1.7498,1.7033,"n",3.0955,"unfacilitated",9,2,"TD",1,9,90
"549",1854,59,4.9489,2.5285,1.9851,1.8167,1.8456,1.866,"n",5.1373,"facilitated",10,2,"TD",1,9,90
"550",1858,60,7.543,3.4553,2.8995,2.2735,1.9343,1.6851,"n",3.3684,"facilitated",10,2,"TD",1,9,90
"551",1860,60,5.9378,5.076,2.7751,3.7902,1.4204,3.5223,"y",4.0105,"facilitated",4,2,"TD",1,9,90
"552",1866,60,5.9164,6.5156,1.3198,2.206,1.7231,1.4027,"y",2.7572,"unfacilitated",1,2,"TD",1,9,90
"553",1867,60,2.9188,1.551,1.9362,1.9376,1.3393,2.791,"y",4.8708,"unfacilitated",3,2,"TD",1,9,90
"554",1872,60,4.3688,11.4309,1.656,1.859,2.2261,1.0679,"y",0.7386,"facilitated",2,2,"TD",1,9,90
"555",1878,60,4.8697,7.4719,2.8583,1.9183,1.3354,1.6182,"n",1.2325,"unfacilitated",9,2,"TD",1,9,90
"556",1881,60,2.8334,1.3446,2.6287,1.7414,1.8073,1.9256,"n",1.3756,"facilitated",6,2,"TD",1,9,90
"557",1883,60,5.634,1.9496,1.7523,2.907,1.235,1.451,"n",1.8325,"unfacilitated",7,2,"TD",1,9,90
"558",1886,60,1.6425,3.3667,1.7362,1.5673,2.4567,2.7231,"n",0.9042,"facilitated",8,2,"TD",1,9,90
